التاريخ والوقت,كود الموديل,السعر,رابط البوست
2026-06-02 11:26,FS732,290,https://facebook.com/122263635422155457
2026-06-03 21:42,FS2016,455,https://facebook.com/122263795874155457
<<<<<<< Updated upstream
2026-06-03 21:51,FS9285,445,https://facebook.com/122263796720155457
=======
2026-06-03 21:52,FS6639,445,https://facebook.com/122263796882155457
>>>>>>> Stashed changes
2026-06-03 21:58,FS6001,505,https://facebook.com/122263797392155457
2026-06-03 22:10,FS3030,445,https://facebook.com/122263798760155457
2026-06-03 22:26,FS1034,485,https://facebook.com/122263800056155457
